{
  "rewards": {
    "function": "wdis:search_arrow"
  },
  "criteria": {
    "use_bow_or_crossbow": {
      "trigger": "minecraft:tick",
      "conditions": {
        "player": [
          {
            "condition": "minecraft:alternative",
            "terms": [
              {
                "condition": "minecraft:entity_scores",
                "entity": "this",
                "scores": {
                  "wdis-bow": {
                    "min": 1,
                    "max": 2147483647
                  }
                }
              },
              {
                "condition": "minecraft:entity_scores",
                "entity": "this",
                "scores": {
                  "wdis-crossbow": {
                    "min": 1,
                    "max": 2147483647
                  }
                }
              }
            ]
          }
        ]
      }
    }
  }
}